code,adv,yoff,xshift,name
F920,0,0,0,
F921,7,5,0,ก
F922,6,5,0,ข
F923,7,5,0,ฃ
F924,7,5,0,ค
F925,7,5,0,ฅ
F926,7,5,0,ฆ
F927,6,5,0,ง
F928,7,5,0,จ
F929,7,5,0,ฉ
F92A,6,4,0,ช
F92B,7,4,0,ซ
F92C,8,5,0,ฌ
F92D,7,5,0,ญ
F92E,7,5,0,ฎ
F92F,7,5,0,ฏ
F930,6,5,0,ฐ
F931,7,5,0,ฑ
F932,8,5,0,ฒ
F933,8,5,0,ณ
F934,7,5,0,ด
F935,7,5,0,ต
F936,7,5,0,ถ
F937,7,5,0,ท
F938,6,5,0,ธ
F939,7,5,0,น
F93A,6,5,0,บ
F93B,6,4,0,ป
F93C,8,5,0,ผ
F93D,8,4,0,ฝ
F93E,8,5,0,พ
F93F,8,4,0,ฟ
F940,7,5,0,ภ
F941,7,5,0,ม
F942,7,5,0,ย
F943,6,5,0,ร
F944,7,5,0,ฤ
F945,7,5,0,ล
F946,7,5,0,ฦ
F947,6,5,0,ว
F948,7,4,0,ศ
F949,8,5,0,ษ
F94A,8,4,0,ส
F94B,7,5,0,ห
F94C,8,4,0,ฬ
F94D,7,5,0,อ
F94E,8,4,0,ฮ
F94F,6,5,0,ฯ
F950,5,5,0,ะ
F951,0,2,-5,ั
F952,6,5,0,า
F953,6,5,0,ำ
F954,0,2,-6,ิ
F955,0,2,-6,ี
F956,0,2,-6,ึ
F957,0,2,-6,ื
F958,0,12,-2,ุ
F959,0,12,-4,ู
F95A,0,12,-2,ฺ
F95B,0,0,0,
F95C,0,0,0,
F95D,0,0,0,
F95E,0,0,0,
F95F,6,4,0,฿
F960,3,5,0,เ
F961,6,5,0,แ
F962,7,4,0,โ
F963,7,4,0,ใ
F964,7,4,0,ไ
F965,6,5,0,ๅ
F966,6,5,0,ๆ
F967,0,0,-6,็
F968,0,2,-2,่
F969,0,2,-5,้
F96A,0,2,-6,๊
F96B,0,1,-4,๋
F96C,0,1,-5,์
F96D,0,2,-3,ํ
F96E,0,1,-4,๎
F96F,7,7,0,๏
F970,7,6,0,๐
F971,7,6,0,๑
F972,7,4,0,๒
F973,7,6,0,๓
F974,7,4,0,๔
F975,7,4,0,๕
F976,7,5,0,๖
F977,7,4,0,๗
F978,8,5,0,๘
F979,7,4,0,๙
F97A,8,5,0,๚
F97B,6,6,0,๛
F97C,0,0,0,
F97D,0,0,0,
F97E,0,0,0,
F97F,0,0,0,
F980,0,0,-2,่(high)
F981,0,0,-5,้(high)
F982,0,0,-6,๊(high)
F983,0,0,-4,๋(high)
F984,0,0,-4,์(high)
F985,0,0,-4,๎(high)
F986,0,0,0,
F987,0,0,0,
F988,0,0,0,
F989,0,0,0,
F98A,0,0,0,
F98B,0,0,0,
F98C,0,0,0,
F98D,0,0,0,
F98E,0,0,0,
F98F,0,0,0,
F990,0,2,-7,ั(left)
F991,0,2,-8,ิ(left)
F992,0,2,-8,ี(left)
F993,0,2,-8,ึ(left)
F994,0,2,-8,ื(left)
F995,0,2,-5,ํ(left)
F996,0,0,-8,็(left)
F997,0,2,-4,่(left)
F998,0,2,-7,้(left)
F999,0,2,-8,๊(left)
F99A,0,1,-6,๋(left)
F99B,0,1,-7,์(left)
F99C,0,1,-6,๎(left)
F99D,0,0,-4,่(high,left)
F99E,0,0,-7,้(high,left)
F99F,0,0,-8,๊(high,left)
F9A0,0,0,-6,๋(high,left)
F9A1,0,0,-6,์(high,left)
F9A2,0,0,-6,๎(high,left)
F9A3,7,5,0,ญ(notail)
F9A4,6,5,0,ฐ(notail)
F9A5,0,0,0,
F9A6,0,0,0,
F9A7,0,0,0,
F9A8,0,0,0,
F9A9,0,0,0,
F9AA,0,0,0,
F9AB,0,0,0,
F9AC,0,0,0,
F9AD,0,0,0,
F9AE,0,0,0,
F9AF,0,0,0,
F9B0,0,0,0,
F9B1,0,0,0,
F9B2,0,0,0,
F9B3,0,0,0,
F9B4,0,0,0,
F9B5,0,0,0,
F9B6,0,0,0,
F9B7,0,0,0,
F9B8,0,0,0,
F9B9,0,0,0,
F9BA,0,0,0,
F9BB,0,0,0,
F9BC,0,0,0,
F9BD,0,0,0,
F9BE,0,0,0,
F9BF,0,0,0,
F9C0,0,0,0,
F9C1,0,0,0,
F9C2,0,0,0,
F9C3,0,0,0,
F9C4,0,0,0,
F9C5,0,0,0,
F9C6,0,0,0,
F9C7,0,0,0,
F9C8,0,0,0,
F9C9,0,0,0,
F9CA,0,0,0,
F9CB,0,0,0,
F9CC,0,0,0,
F9CD,0,0,0,
F9CE,0,0,0,
F9CF,0,0,0,
